Electric,Thermal, Mechanical Properties Estimation With Percolation Theory (ETMPEWPT) (2D version) 
Version 2.0 Percolation, Cluster Analysis, Electric - Thermal - Mechanical properties
Report starting: Mon Nov  3 10:29:57 2025
----------------------------------------------------------------------------------------------------
Inputs
|#  |%Weights|%Spec. Weights|X Dimension|Y Dimension|Type|Size type|       Area|hoop Dist
   0     0.35              1       1e-08       1e-08    4         3       0.35    5e-10
   1     0.65              1       1e-08       1e-08    3         0       0.65    5e-10
Pixels Per minimum Size(ppms):101
Factor [ppms / minimumSize]:1.01e+10
Maximum Dimension:;1e-08
Minimum Dimension:;1e-08
Grid size =[;500x;500]
Total iterations: ;100
----------------------------------------------------------------------------------------------------
Total  Points  |Mean Radius | Inertia 
----------------------------------------------------------------------------------------------------
