Electric,Thermal, Mechanical Properties Estimation With Percolation Theory (ETMPEWPT) (2D version) 
Version 2.0 Percolation, Cluster Analysis,  Electric - Thermal - Mechanical properties
Report starting: ,Thu May 22 09:31:07 2025
---------------------------------------------------------------------------------------------------
Inputs
    |#, % Weights, % Spec.Weights, X Dimension, Y Dimension, Type, Size type,       Area,     hoop,
     0,     0.68,              1,       1e-08,       1e-08,    4,         3,       0.68,        0
     1,     0.32,              1,       1e-08,       1e-08,    2,         0,       0.32,        0
Pixels Per minimum Size (ppms):,101
Factor [ppms / minimumSize]:,1.01e+10
Maximum Dimension:,1e-08
Minimum Dimension:,1e-08
Grid size,300,x,300
Total iterations: ,300
---------------------------------------------------------------------------------------------------
Realization No,PercolateY[1]/N[0],Process Time,Setup Time               ,% Real Area Comp[0]              ,% Real Area Comp[1],Electric Conductivity,Thermal Conductivity,Young Modulus,Poisson Ratio,Total Conductive Paths,Mean Real Path Length,Current Electric Conductivity
      1,                  0,     0.001,          0.001            ,0.637867            ,0.362133,0.00000000000000000,0.00000000000000000,100000.00000000000000000,0.29999999999999999,0.00000000000000000,0.00000000000000000,0.00000000000000000
      2,                  0,0.00000000000000000,0.00100000000000000            ,0.66483333333333339            ,0.33516666666666667,0.00000000000000000,0.00000000000000000,100000.00000000000000000,0.29999999999999999,0.00000000000000000,0.00000000000000000,0.00000000000000000
      3,                  0,0.00000000000000000,0.00100000000000000            ,0.62831111111111104            ,0.37168888888888890,0.00000000000000000,0.00000000000000000,100000.00000000000000000,0.29999999999999999,0.00000000000000000,0.00000000000000000,0.00000000000000000
      4,                  0,0.00000000000000000,0.00100000000000000            ,0.63592222222222228            ,0.36407777777777778,0.00000000000000000,0.00000000000000000,100000.00000000000000000,0.29999999999999999,0.00000000000000000,0.00000000000000000,0.00000000000000000
      5,                  0,0.00100000000000000,0.00000000000000000            ,0.65232222222222225            ,0.34767777777777775,0.00000000000000000,0.00000000000000000,100000.00000000000000000,0.29999999999999999,0.00000000000000000,0.00000000000000000,0.00000000000000000
      6,                  0,0.00000000000000000,0.00100000000000000            ,0.65005555555555561            ,0.34994444444444445,0.00000000000000000,0.00000000000000000,100000.00000000000000000,0.29999999999999999,0.00000000000000000,0.00000000000000000,0.00000000000000000
      7,                  0,0.00100000000000000,0.00000000000000000            ,0.63408888888888892            ,0.36591111111111113,0.00000000000000000,0.00000000000000000,100000.00000000000000000,0.29999999999999999,0.00000000000000000,0.00000000000000000,0.00000000000000000
      8,                  0,0.00000000000000000,0.00100000000000000            ,0.64564444444444447            ,0.35435555555555553,0.00000000000000000,0.00000000000000000,100000.00000000000000000,0.29999999999999999,0.00000000000000000,0.00000000000000000,0.00000000000000000
      9,                  0,0.00000000000000000,0.00100000000000000            ,0.65662222222222222            ,0.34337777777777778,0.00000000000000000,0.00000000000000000,100000.00000000000000000,0.29999999999999999,0.00000000000000000,0.00000000000000000,0.00000000000000000
     10,                  0,0.00100000000000000,0.00100000000000000            ,0.66197777777777778            ,0.33802222222222222,0.00000000000000000,0.00000000000000000,100000.00000000000000000,0.29999999999999999,0.00000000000000000,0.00000000000000000,0.00000000000000000
     11,                  1,0.00200000000000000,0.00100000000000000            ,0.63084444444444443            ,0.36915555555555557,108.25258879922330379,108.25258879922330379,211580440.69742435216903687,0.30023402057737680,1.00000000000000000,380.00000000000000000,0.00003079218123380
     12,                  0,0.00100000000000000,0.00100000000000000            ,0.66331111111111118            ,0.33668888888888887,0.00000000000000000,0.00000000000000000,100000.00000000000000000,0.29999999999999999,0.00000000000000000,0.00000000000000000,0.00000000000000000
     13,                  0,0.00100000000000000,0.34799999999999998            ,0.67094444444444445            ,0.32905555555555555,0.00000000000000000,0.00000000000000000,100000.00000000000000000,0.29999999999999999,0.00000000000000000,0.00000000000000000,0.00000000000000000
     14,                  0,0.00000000000000000,0.00200000000000000            ,0.62721111111111116            ,0.37278888888888889,0.00000000000000000,0.00000000000000000,100000.00000000000000000,0.29999999999999999,0.00000000000000000,0.00000000000000000,0.00000000000000000
     15,                  0,0.00200000000000000,0.00100000000000000            ,0.65645555555555557            ,0.34354444444444443,0.00000000000000000,0.00000000000000000,100000.00000000000000000,0.29999999999999999,0.00000000000000000,0.00000000000000000,0.00000000000000000
     16,                  0,0.00100000000000000,0.00100000000000000            ,0.67973333333333330            ,0.32026666666666664,0.00000000000000000,0.00000000000000000,100000.00000000000000000,0.29999999999999999,0.00000000000000000,0.00000000000000000,0.00000000000000000
     17,                  0,0.00100000000000000,0.00100000000000000            ,0.65107777777777776            ,0.34892222222222224,0.00000000000000000,0.00000000000000000,100000.00000000000000000,0.29999999999999999,0.00000000000000000,0.00000000000000000,0.00000000000000000
     18,                  0,0.00100000000000000,0.00100000000000000            ,0.64996666666666669            ,0.35003333333333331,0.00000000000000000,0.00000000000000000,100000.00000000000000000,0.29999999999999999,0.00000000000000000,0.00000000000000000,0.00000000000000000
     19,                  0,0.00100000000000000,0.00100000000000000            ,0.64369999999999994            ,0.35630000000000001,0.00000000000000000,0.00000000000000000,100000.00000000000000000,0.29999999999999999,0.00000000000000000,0.00000000000000000,0.00000000000000000
     20,                  0,0.00100000000000000,0.00000000000000000            ,0.66424444444444442            ,0.33575555555555553,0.00000000000000000,0.00000000000000000,100000.00000000000000000,0.29999999999999999,0.00000000000000000,0.00000000000000000,0.00000000000000000
     21,                  0,0.00100000000000000,0.00000000000000000            ,0.65518888888888882            ,0.34481111111111112,0.00000000000000000,0.00000000000000000,100000.00000000000000000,0.29999999999999999,0.00000000000000000,0.00000000000000000,0.00000000000000000
     22,                  0,0.00100000000000000,0.00000000000000000            ,0.66698888888888885            ,0.33301111111111109,0.00000000000000000,0.00000000000000000,100000.00000000000000000,0.29999999999999999,0.00000000000000000,0.00000000000000000,0.00000000000000000
     23,                  0,0.00000000000000000,0.00100000000000000            ,0.66177777777777780            ,0.33822222222222220,0.00000000000000000,0.00000000000000000,100000.00000000000000000,0.29999999999999999,0.00000000000000000,0.00000000000000000,0.00000000000000000
     24,                  0,0.00100000000000000,0.00100000000000000            ,0.59088888888888891            ,0.40911111111111109,0.00000000000000000,0.00000000000000000,100000.00000000000000000,0.29999999999999999,0.00000000000000000,0.00000000000000000,0.00000000000000000
     25,                  0,0.00000000000000000,0.00100000000000000            ,0.64979999999999993            ,0.35020000000000001,0.00000000000000000,0.00000000000000000,100000.00000000000000000,0.29999999999999999,0.00000000000000000,0.00000000000000000,0.00000000000000000
     26,                  0,0.00000000000000000,0.00100000000000000            ,0.63661111111111113            ,0.36338888888888887,0.00000000000000000,0.00000000000000000,100000.00000000000000000,0.29999999999999999,0.00000000000000000,0.00000000000000000,0.00000000000000000
     27,                  0,0.00000000000000000,0.00100000000000000            ,0.67248888888888891            ,0.32751111111111109,0.00000000000000000,0.00000000000000000,100000.00000000000000000,0.29999999999999999,0.00000000000000000,0.00000000000000000,0.00000000000000000
     28,                  0,0.00000000000000000,0.00100000000000000            ,0.63735555555555556            ,0.36264444444444444,0.00000000000000000,0.00000000000000000,100000.00000000000000000,0.29999999999999999,0.00000000000000000,0.00000000000000000,0.00000000000000000
     29,                  0,0.00000000000000000,0.00100000000000000            ,0.64567777777777779            ,0.35432222222222221,0.00000000000000000,0.00000000000000000,100000.00000000000000000,0.29999999999999999,0.00000000000000000,0.00000000000000000,0.00000000000000000
     30,                  0,0.00000000000000000,0.00100000000000000            ,0.64122222222222225            ,0.35877777777777775,0.00000000000000000,0.00000000000000000,100000.00000000000000000,0.29999999999999999,0.00000000000000000,0.00000000000000000,0.00000000000000000
     31,                  0,0.00000000000000000,0.00100000000000000            ,0.65978888888888887            ,0.34021111111111113,0.00000000000000000,0.00000000000000000,100000.00000000000000000,0.29999999999999999,0.00000000000000000,0.00000000000000000,0.00000000000000000
     32,                  0,0.00000000000000000,0.00100000000000000            ,0.66088888888888886            ,0.33911111111111109,0.00000000000000000,0.00000000000000000,100000.00000000000000000,0.29999999999999999,0.00000000000000000,0.00000000000000000,0.00000000000000000
     33,                  0,0.00000000000000000,0.00100000000000000            ,0.65795555555555563            ,0.34204444444444443,0.00000000000000000,0.00000000000000000,100000.00000000000000000,0.29999999999999999,0.00000000000000000,0.00000000000000000,0.00000000000000000
     34,                  0,0.00100000000000000,0.00100000000000000            ,0.67546666666666666            ,0.32453333333333334,0.00000000000000000,0.00000000000000000,100000.00000000000000000,0.29999999999999999,0.00000000000000000,0.00000000000000000,0.00000000000000000
     35,                  0,0.00100000000000000,0.00100000000000000            ,0.63214444444444440            ,0.36785555555555555,0.00000000000000000,0.00000000000000000,100000.00000000000000000,0.29999999999999999,0.00000000000000000,0.00000000000000000,0.00000000000000000
     36,                  0,0.00000000000000000,0.00100000000000000            ,0.66512222222222217            ,0.33487777777777777,0.00000000000000000,0.00000000000000000,100000.00000000000000000,0.29999999999999999,0.00000000000000000,0.00000000000000000,0.00000000000000000
     37,                  0,0.00100000000000000,0.00100000000000000            ,0.61401111111111106            ,0.38598888888888888,0.00000000000000000,0.00000000000000000,100000.00000000000000000,0.29999999999999999,0.00000000000000000,0.00000000000000000,0.00000000000000000
     38,                  0,0.00100000000000000,0.00000000000000000            ,0.65152222222222222            ,0.34847777777777778,0.00000000000000000,0.00000000000000000,100000.00000000000000000,0.29999999999999999,0.00000000000000000,0.00000000000000000,0.00000000000000000
     39,                  0,0.00000000000000000,0.00100000000000000            ,0.67290000000000005            ,0.32710000000000000,0.00000000000000000,0.00000000000000000,100000.00000000000000000,0.29999999999999999,0.00000000000000000,0.00000000000000000,0.00000000000000000
     40,                  0,0.00100000000000000,0.00100000000000000            ,0.64646666666666674            ,0.35353333333333331,0.00000000000000000,0.00000000000000000,100000.00000000000000000,0.29999999999999999,0.00000000000000000,0.00000000000000000,0.00000000000000000
     41,                  0,0.00100000000000000,0.00100000000000000            ,0.65561111111111114            ,0.34438888888888891,0.00000000000000000,0.00000000000000000,100000.00000000000000000,0.29999999999999999,0.00000000000000000,0.00000000000000000,0.00000000000000000
     42,                  0,0.00000000000000000,0.00100000000000000            ,0.61331111111111114            ,0.38668888888888892,0.00000000000000000,0.00000000000000000,100000.00000000000000000,0.29999999999999999,0.00000000000000000,0.00000000000000000,0.00000000000000000
     43,                  0,0.00100000000000000,0.00100000000000000            ,0.66012222222222228            ,0.33987777777777778,0.00000000000000000,0.00000000000000000,100000.00000000000000000,0.29999999999999999,0.00000000000000000,0.00000000000000000,0.00000000000000000
     44,                  0,0.00100000000000000,0.00000000000000000            ,0.67414444444444444            ,0.32585555555555556,0.00000000000000000,0.00000000000000000,100000.00000000000000000,0.29999999999999999,0.00000000000000000,0.00000000000000000,0.00000000000000000
     45,                  0,0.00100000000000000,0.00100000000000000            ,0.66949999999999998            ,0.33050000000000002,0.00000000000000000,0.00000000000000000,100000.00000000000000000,0.29999999999999999,0.00000000000000000,0.00000000000000000,0.00000000000000000
     46,                  0,0.00000000000000000,0.00100000000000000            ,0.64601111111111109            ,0.35398888888888891,0.00000000000000000,0.00000000000000000,100000.00000000000000000,0.29999999999999999,0.00000000000000000,0.00000000000000000,0.00000000000000000
     47,                  0,0.00000000000000000,0.00100000000000000            ,0.62692222222222216            ,0.37307777777777779,0.00000000000000000,0.00000000000000000,100000.00000000000000000,0.29999999999999999,0.00000000000000000,0.00000000000000000,0.00000000000000000
     48,                  0,0.00000000000000000,0.00000000000000000            ,0.66128888888888882            ,0.33871111111111113,0.00000000000000000,0.00000000000000000,100000.00000000000000000,0.29999999999999999,0.00000000000000000,0.00000000000000000,0.00000000000000000
     49,                  0,0.00100000000000000,0.00100000000000000            ,0.63315555555555558            ,0.36684444444444442,0.00000000000000000,0.00000000000000000,100000.00000000000000000,0.29999999999999999,0.00000000000000000,0.00000000000000000,0.00000000000000000
     50,                  0,0.00100000000000000,0.00000000000000000            ,0.62993333333333335            ,0.37006666666666665,0.00000000000000000,0.00000000000000000,100000.00000000000000000,0.29999999999999999,0.00000000000000000,0.00000000000000000,0.00000000000000000
     51,                  0,0.00000000000000000,0.00100000000000000            ,0.62613333333333332            ,0.37386666666666668,0.00000000000000000,0.00000000000000000,100000.00000000000000000,0.29999999999999999,0.00000000000000000,0.00000000000000000,0.00000000000000000
     52,                  0,0.00100000000000000,0.00100000000000000            ,0.65379999999999994            ,0.34620000000000001,0.00000000000000000,0.00000000000000000,100000.00000000000000000,0.29999999999999999,0.00000000000000000,0.00000000000000000,0.00000000000000000
     53,                  0,0.00000000000000000,0.00100000000000000            ,0.64945555555555556            ,0.35054444444444444,0.00000000000000000,0.00000000000000000,100000.00000000000000000,0.29999999999999999,0.00000000000000000,0.00000000000000000,0.00000000000000000
     54,                  0,0.00000000000000000,0.00100000000000000            ,0.67947777777777785            ,0.32052222222222221,0.00000000000000000,0.00000000000000000,100000.00000000000000000,0.29999999999999999,0.00000000000000000,0.00000000000000000,0.00000000000000000
     55,                  0,0.00000000000000000,0.00100000000000000            ,0.67369999999999997            ,0.32629999999999998,0.00000000000000000,0.00000000000000000,100000.00000000000000000,0.29999999999999999,0.00000000000000000,0.00000000000000000,0.00000000000000000
     56,                  0,0.00000000000000000,0.00100000000000000            ,0.59697777777777783            ,0.40302222222222223,0.00000000000000000,0.00000000000000000,100000.00000000000000000,0.29999999999999999,0.00000000000000000,0.00000000000000000,0.00000000000000000
     57,                  0,0.00100000000000000,0.00100000000000000            ,0.66747777777777784            ,0.33252222222222222,0.00000000000000000,0.00000000000000000,100000.00000000000000000,0.29999999999999999,0.00000000000000000,0.00000000000000000,0.00000000000000000
     58,                  0,0.00100000000000000,0.00000000000000000            ,0.65143333333333331            ,0.34856666666666669,0.00000000000000000,0.00000000000000000,100000.00000000000000000,0.29999999999999999,0.00000000000000000,0.00000000000000000,0.00000000000000000
     59,                  0,0.00000000000000000,0.00000000000000000            ,0.67178888888888888            ,0.32821111111111112,0.00000000000000000,0.00000000000000000,100000.00000000000000000,0.29999999999999999,0.00000000000000000,0.00000000000000000,0.00000000000000000
     60,                  0,0.00000000000000000,0.00100000000000000            ,0.67606666666666659            ,0.32393333333333335,0.00000000000000000,0.00000000000000000,100000.00000000000000000,0.29999999999999999,0.00000000000000000,0.00000000000000000,0.00000000000000000
     61,                  0,0.00000000000000000,0.00100000000000000            ,0.64860000000000007            ,0.35139999999999999,0.00000000000000000,0.00000000000000000,100000.00000000000000000,0.29999999999999999,0.00000000000000000,0.00000000000000000,0.00000000000000000
     62,                  0,0.00000000000000000,0.00100000000000000            ,0.67374444444444448            ,0.32625555555555558,0.00000000000000000,0.00000000000000000,100000.00000000000000000,0.29999999999999999,0.00000000000000000,0.00000000000000000,0.00000000000000000
     63,                  0,0.00100000000000000,0.00000000000000000            ,0.64198888888888894            ,0.35801111111111111,0.00000000000000000,0.00000000000000000,100000.00000000000000000,0.29999999999999999,0.00000000000000000,0.00000000000000000,0.00000000000000000
     64,                  0,0.00100000000000000,0.00100000000000000            ,0.61556666666666660            ,0.38443333333333335,0.00000000000000000,0.00000000000000000,100000.00000000000000000,0.29999999999999999,0.00000000000000000,0.00000000000000000,0.00000000000000000
     65,                  0,0.00000000000000000,0.00100000000000000            ,0.65868888888888888            ,0.34131111111111112,0.00000000000000000,0.00000000000000000,100000.00000000000000000,0.29999999999999999,0.00000000000000000,0.00000000000000000,0.00000000000000000
     66,                  0,0.00000000000000000,0.00100000000000000            ,0.59323333333333328            ,0.40676666666666667,0.00000000000000000,0.00000000000000000,100000.00000000000000000,0.29999999999999999,0.00000000000000000,0.00000000000000000,0.00000000000000000
     67,                  0,0.00100000000000000,0.00100000000000000            ,0.67334444444444452            ,0.32665555555555553,0.00000000000000000,0.00000000000000000,100000.00000000000000000,0.29999999999999999,0.00000000000000000,0.00000000000000000,0.00000000000000000
     68,                  0,0.00100000000000000,0.00100000000000000            ,0.66155555555555556            ,0.33844444444444444,0.00000000000000000,0.00000000000000000,100000.00000000000000000,0.29999999999999999,0.00000000000000000,0.00000000000000000,0.00000000000000000
     69,                  0,0.00000000000000000,0.00100000000000000            ,0.62498888888888882            ,0.37501111111111113,0.00000000000000000,0.00000000000000000,100000.00000000000000000,0.29999999999999999,0.00000000000000000,0.00000000000000000,0.00000000000000000
     70,                  0,0.00100000000000000,0.00100000000000000            ,0.62060000000000004            ,0.37940000000000002,0.00000000000000000,0.00000000000000000,100000.00000000000000000,0.29999999999999999,0.00000000000000000,0.00000000000000000,0.00000000000000000
     71,                  0,0.00000000000000000,0.00100000000000000            ,0.64958888888888888            ,0.35041111111111112,0.00000000000000000,0.00000000000000000,100000.00000000000000000,0.29999999999999999,0.00000000000000000,0.00000000000000000,0.00000000000000000
     72,                  0,0.00000000000000000,0.00000000000000000            ,0.64613333333333334            ,0.35386666666666666,0.00000000000000000,0.00000000000000000,100000.00000000000000000,0.29999999999999999,0.00000000000000000,0.00000000000000000,0.00000000000000000
     73,                  0,0.00000000000000000,0.00100000000000000            ,0.65062222222222221            ,0.34937777777777779,0.00000000000000000,0.00000000000000000,100000.00000000000000000,0.29999999999999999,0.00000000000000000,0.00000000000000000,0.00000000000000000
     74,                  0,0.00000000000000000,0.00100000000000000            ,0.62232222222222222            ,0.37767777777777778,0.00000000000000000,0.00000000000000000,100000.00000000000000000,0.29999999999999999,0.00000000000000000,0.00000000000000000,0.00000000000000000
     75,                  0,0.00000000000000000,0.00100000000000000            ,0.63231111111111105            ,0.36768888888888890,0.00000000000000000,0.00000000000000000,100000.00000000000000000,0.29999999999999999,0.00000000000000000,0.00000000000000000,0.00000000000000000
     76,                  0,0.00000000000000000,0.00100000000000000            ,0.66461111111111104            ,0.33538888888888890,0.00000000000000000,0.00000000000000000,100000.00000000000000000,0.29999999999999999,0.00000000000000000,0.00000000000000000,0.00000000000000000
     77,                  0,0.00100000000000000,0.00100000000000000            ,0.63914444444444451            ,0.36085555555555554,0.00000000000000000,0.00000000000000000,100000.00000000000000000,0.29999999999999999,0.00000000000000000,0.00000000000000000,0.00000000000000000
     78,                  0,0.00000000000000000,0.00100000000000000            ,0.64245555555555556            ,0.35754444444444444,0.00000000000000000,0.00000000000000000,100000.00000000000000000,0.29999999999999999,0.00000000000000000,0.00000000000000000,0.00000000000000000
     79,                  0,0.00100000000000000,0.00100000000000000            ,0.64181111111111111            ,0.35818888888888889,0.00000000000000000,0.00000000000000000,100000.00000000000000000,0.29999999999999999,0.00000000000000000,0.00000000000000000,0.00000000000000000
     80,                  0,0.00100000000000000,0.00000000000000000            ,0.67464444444444438            ,0.32535555555555556,0.00000000000000000,0.00000000000000000,100000.00000000000000000,0.29999999999999999,0.00000000000000000,0.00000000000000000,0.00000000000000000
     81,                  0,0.00000000000000000,0.00100000000000000            ,0.60113333333333330            ,0.39886666666666665,0.00000000000000000,0.00000000000000000,100000.00000000000000000,0.29999999999999999,0.00000000000000000,0.00000000000000000,0.00000000000000000
     82,                  0,0.00000000000000000,0.00000000000000000            ,0.66255555555555556            ,0.33744444444444444,0.00000000000000000,0.00000000000000000,100000.00000000000000000,0.29999999999999999,0.00000000000000000,0.00000000000000000,0.00000000000000000
     83,                  0,0.00100000000000000,0.00000000000000000            ,0.62583333333333335            ,0.37416666666666665,0.00000000000000000,0.00000000000000000,100000.00000000000000000,0.29999999999999999,0.00000000000000000,0.00000000000000000,0.00000000000000000
     84,                  0,0.00000000000000000,0.00200000000000000            ,0.64359999999999995            ,0.35639999999999999,0.00000000000000000,0.00000000000000000,100000.00000000000000000,0.29999999999999999,0.00000000000000000,0.00000000000000000,0.00000000000000000
     85,                  0,0.00000000000000000,0.00100000000000000            ,0.67199999999999993            ,0.32800000000000001,0.00000000000000000,0.00000000000000000,100000.00000000000000000,0.29999999999999999,0.00000000000000000,0.00000000000000000,0.00000000000000000
     86,                  0,0.00000000000000000,0.00100000000000000            ,0.66541111111111118            ,0.33458888888888888,0.00000000000000000,0.00000000000000000,100000.00000000000000000,0.29999999999999999,0.00000000000000000,0.00000000000000000,0.00000000000000000
     87,                  0,0.00100000000000000,0.00100000000000000            ,0.64333333333333331            ,0.35666666666666669,0.00000000000000000,0.00000000000000000,100000.00000000000000000,0.29999999999999999,0.00000000000000000,0.00000000000000000,0.00000000000000000
     88,                  0,0.00000000000000000,0.00000000000000000            ,0.65642222222222224            ,0.34357777777777776,0.00000000000000000,0.00000000000000000,100000.00000000000000000,0.29999999999999999,0.00000000000000000,0.00000000000000000,0.00000000000000000
     89,                  0,0.00000000000000000,0.00100000000000000            ,0.64886666666666670            ,0.35113333333333335,0.00000000000000000,0.00000000000000000,100000.00000000000000000,0.29999999999999999,0.00000000000000000,0.00000000000000000,0.00000000000000000
     90,                  0,0.00100000000000000,0.00100000000000000            ,0.66195555555555563            ,0.33804444444444443,0.00000000000000000,0.00000000000000000,100000.00000000000000000,0.29999999999999999,0.00000000000000000,0.00000000000000000,0.00000000000000000
     91,                  0,0.00200000000000000,0.00100000000000000            ,0.65948888888888890            ,0.34051111111111110,0.00000000000000000,0.00000000000000000,100000.00000000000000000,0.29999999999999999,0.00000000000000000,0.00000000000000000,0.00000000000000000
     92,                  0,0.00100000000000000,0.00100000000000000            ,0.67123333333333335            ,0.32876666666666665,0.00000000000000000,0.00000000000000000,100000.00000000000000000,0.29999999999999999,0.00000000000000000,0.00000000000000000,0.00000000000000000
     93,                  0,0.00000000000000000,0.00100000000000000            ,0.60315555555555556            ,0.39684444444444444,0.00000000000000000,0.00000000000000000,100000.00000000000000000,0.29999999999999999,0.00000000000000000,0.00000000000000000,0.00000000000000000
     94,                  0,0.00000000000000000,0.00100000000000000            ,0.67304444444444445            ,0.32695555555555555,0.00000000000000000,0.00000000000000000,100000.00000000000000000,0.29999999999999999,0.00000000000000000,0.00000000000000000,0.00000000000000000
     95,                  0,0.00100000000000000,0.00100000000000000            ,0.61998888888888892            ,0.38001111111111113,0.00000000000000000,0.00000000000000000,100000.00000000000000000,0.29999999999999999,0.00000000000000000,0.00000000000000000,0.00000000000000000
     96,                  0,0.00000000000000000,0.00100000000000000            ,0.66593333333333327            ,0.33406666666666668,0.00000000000000000,0.00000000000000000,100000.00000000000000000,0.29999999999999999,0.00000000000000000,0.00000000000000000,0.00000000000000000
     97,                  0,0.00000000000000000,0.00100000000000000            ,0.64058888888888887            ,0.35941111111111113,0.00000000000000000,0.00000000000000000,100000.00000000000000000,0.29999999999999999,0.00000000000000000,0.00000000000000000,0.00000000000000000
     98,                  0,0.00000000000000000,0.00100000000000000            ,0.65398888888888895            ,0.34601111111111110,0.00000000000000000,0.00000000000000000,100000.00000000000000000,0.29999999999999999,0.00000000000000000,0.00000000000000000,0.00000000000000000
     99,                  0,0.00000000000000000,0.00100000000000000            ,0.64503333333333335            ,0.35496666666666665,0.00000000000000000,0.00000000000000000,100000.00000000000000000,0.29999999999999999,0.00000000000000000,0.00000000000000000,0.00000000000000000
    100,                  0,0.00200000000000000,0.00100000000000000            ,0.65573333333333328            ,0.34426666666666667,0.00000000000000000,0.00000000000000000,100000.00000000000000000,0.29999999999999999,0.00000000000000000,0.00000000000000000,0.00000000000000000
    101,                  0,0.00000000000000000,0.00100000000000000            ,0.63400000000000001            ,0.36599999999999999,0.00000000000000000,0.00000000000000000,100000.00000000000000000,0.29999999999999999,0.00000000000000000,0.00000000000000000,0.00000000000000000
    102,                  0,0.00000000000000000,0.00100000000000000            ,0.67702222222222219            ,0.32297777777777775,0.00000000000000000,0.00000000000000000,100000.00000000000000000,0.29999999999999999,0.00000000000000000,0.00000000000000000,0.00000000000000000
    103,                  0,0.00000000000000000,0.00100000000000000            ,0.64949999999999997            ,0.35049999999999998,0.00000000000000000,0.00000000000000000,100000.00000000000000000,0.29999999999999999,0.00000000000000000,0.00000000000000000,0.00000000000000000
    104,                  0,0.00000000000000000,0.00100000000000000            ,0.65596666666666659            ,0.34403333333333336,0.00000000000000000,0.00000000000000000,100000.00000000000000000,0.29999999999999999,0.00000000000000000,0.00000000000000000,0.00000000000000000
    105,                  0,0.00000000000000000,0.00000000000000000            ,0.63046666666666673            ,0.36953333333333332,0.00000000000000000,0.00000000000000000,100000.00000000000000000,0.29999999999999999,0.00000000000000000,0.00000000000000000,0.00000000000000000
    106,                  0,0.00200000000000000,0.00100000000000000            ,0.65144444444444449            ,0.34855555555555556,0.00000000000000000,0.00000000000000000,100000.00000000000000000,0.29999999999999999,0.00000000000000000,0.00000000000000000,0.00000000000000000
    107,                  0,0.00100000000000000,0.00100000000000000            ,0.62855555555555553            ,0.37144444444444447,0.00000000000000000,0.00000000000000000,100000.00000000000000000,0.29999999999999999,0.00000000000000000,0.00000000000000000,0.00000000000000000
    108,                  0,0.00100000000000000,0.00100000000000000            ,0.67292222222222220            ,0.32707777777777780,0.00000000000000000,0.00000000000000000,100000.00000000000000000,0.29999999999999999,0.00000000000000000,0.00000000000000000,0.00000000000000000
    109,                  0,0.00100000000000000,0.00100000000000000            ,0.60684444444444452            ,0.39315555555555554,0.00000000000000000,0.00000000000000000,100000.00000000000000000,0.29999999999999999,0.00000000000000000,0.00000000000000000,0.00000000000000000
    110,                  0,0.00000000000000000,0.00100000000000000            ,0.60431111111111113            ,0.39568888888888887,0.00000000000000000,0.00000000000000000,100000.00000000000000000,0.29999999999999999,0.00000000000000000,0.00000000000000000,0.00000000000000000
    111,                  0,0.00100000000000000,0.00100000000000000            ,0.63497777777777775            ,0.36502222222222225,0.00000000000000000,0.00000000000000000,100000.00000000000000000,0.29999999999999999,0.00000000000000000,0.00000000000000000,0.00000000000000000
    112,                  0,0.00100000000000000,0.00000000000000000            ,0.65031111111111106            ,0.34968888888888888,0.00000000000000000,0.00000000000000000,100000.00000000000000000,0.29999999999999999,0.00000000000000000,0.00000000000000000,0.00000000000000000
    113,                  0,0.00100000000000000,0.00000000000000000            ,0.62415555555555557            ,0.37584444444444443,0.00000000000000000,0.00000000000000000,100000.00000000000000000,0.29999999999999999,0.00000000000000000,0.00000000000000000,0.00000000000000000
    114,                  0,0.00000000000000000,0.00100000000000000            ,0.62545555555555554            ,0.37454444444444446,0.00000000000000000,0.00000000000000000,100000.00000000000000000,0.29999999999999999,0.00000000000000000,0.00000000000000000,0.00000000000000000
    115,                  0,0.00000000000000000,0.00100000000000000            ,0.64733333333333332            ,0.35266666666666668,0.00000000000000000,0.00000000000000000,100000.00000000000000000,0.29999999999999999,0.00000000000000000,0.00000000000000000,0.00000000000000000
    116,                  0,0.00000000000000000,0.00100000000000000            ,0.65175555555555553            ,0.34824444444444447,0.00000000000000000,0.00000000000000000,100000.00000000000000000,0.29999999999999999,0.00000000000000000,0.00000000000000000,0.00000000000000000
    117,                  0,0.00000000000000000,0.00100000000000000            ,0.67176666666666662            ,0.32823333333333332,0.00000000000000000,0.00000000000000000,100000.00000000000000000,0.29999999999999999,0.00000000000000000,0.00000000000000000,0.00000000000000000
    118,                  0,0.00000000000000000,0.00100000000000000            ,0.65173333333333328            ,0.34826666666666667,0.00000000000000000,0.00000000000000000,100000.00000000000000000,0.29999999999999999,0.00000000000000000,0.00000000000000000,0.00000000000000000
    119,                  0,0.00000000000000000,0.00100000000000000            ,0.67151111111111117            ,0.32848888888888889,0.00000000000000000,0.00000000000000000,100000.00000000000000000,0.29999999999999999,0.00000000000000000,0.00000000000000000,0.00000000000000000
    120,                  0,0.00100000000000000,0.00100000000000000            ,0.64268888888888887            ,0.35731111111111113,0.00000000000000000,0.00000000000000000,100000.00000000000000000,0.29999999999999999,0.00000000000000000,0.00000000000000000,0.00000000000000000
    121,                  0,0.00000000000000000,0.00000000000000000            ,0.66094444444444445            ,0.33905555555555555,0.00000000000000000,0.00000000000000000,100000.00000000000000000,0.29999999999999999,0.00000000000000000,0.00000000000000000,0.00000000000000000
    122,                  0,0.00100000000000000,0.00100000000000000            ,0.66543333333333332            ,0.33456666666666668,0.00000000000000000,0.00000000000000000,100000.00000000000000000,0.29999999999999999,0.00000000000000000,0.00000000000000000,0.00000000000000000
    123,                  1,0.00700000000000000,0.00100000000000000            ,0.66949999999999998            ,0.33050000000000002,5.51334982562399922,5.51334982562399922,4339987497.70897960662841797,0.30445076498222151,63.00000000000000000,368.07936507936506132,0.03808936610987355
    124,                  0,0.00000000000000000,0.00100000000000000            ,0.62444444444444447            ,0.37555555555555553,0.00000000000000000,0.00000000000000000,100000.00000000000000000,0.29999999999999999,0.00000000000000000,0.00000000000000000,0.00000000000000000
    125,                  0,0.00000000000000000,0.00100000000000000            ,0.63642222222222222            ,0.36357777777777778,0.00000000000000000,0.00000000000000000,100000.00000000000000000,0.29999999999999999,0.00000000000000000,0.00000000000000000,0.00000000000000000
    126,                  0,0.00000000000000000,0.00100000000000000            ,0.65223333333333333            ,0.34776666666666667,0.00000000000000000,0.00000000000000000,100000.00000000000000000,0.29999999999999999,0.00000000000000000,0.00000000000000000,0.00000000000000000
    127,                  0,0.00000000000000000,0.00100000000000000            ,0.64163333333333328            ,0.35836666666666667,0.00000000000000000,0.00000000000000000,100000.00000000000000000,0.29999999999999999,0.00000000000000000,0.00000000000000000,0.00000000000000000
    128,                  0,0.00000000000000000,0.00100000000000000            ,0.63111111111111118            ,0.36888888888888888,0.00000000000000000,0.00000000000000000,100000.00000000000000000,0.29999999999999999,0.00000000000000000,0.00000000000000000,0.00000000000000000
    129,                  0,0.00000000000000000,0.00100000000000000            ,0.62912222222222225            ,0.37087777777777775,0.00000000000000000,0.00000000000000000,100000.00000000000000000,0.29999999999999999,0.00000000000000000,0.00000000000000000,0.00000000000000000
    130,                  0,0.00100000000000000,0.00100000000000000            ,0.61238888888888887            ,0.38761111111111113,0.00000000000000000,0.00000000000000000,100000.00000000000000000,0.29999999999999999,0.00000000000000000,0.00000000000000000,0.00000000000000000
    131,                  0,0.00100000000000000,0.00100000000000000            ,0.65271111111111113            ,0.34728888888888887,0.00000000000000000,0.00000000000000000,100000.00000000000000000,0.29999999999999999,0.00000000000000000,0.00000000000000000,0.00000000000000000
    132,                  0,0.00100000000000000,0.00100000000000000            ,0.67912222222222218            ,0.32087777777777776,0.00000000000000000,0.00000000000000000,100000.00000000000000000,0.29999999999999999,0.00000000000000000,0.00000000000000000,0.00000000000000000
    133,                  0,0.00000000000000000,0.00100000000000000            ,0.65836666666666666            ,0.34163333333333334,0.00000000000000000,0.00000000000000000,100000.00000000000000000,0.29999999999999999,0.00000000000000000,0.00000000000000000,0.00000000000000000
    134,                  0,0.00000000000000000,0.00100000000000000            ,0.64575555555555564            ,0.35424444444444442,0.00000000000000000,0.00000000000000000,100000.00000000000000000,0.29999999999999999,0.00000000000000000,0.00000000000000000,0.00000000000000000
    135,                  0,0.00100000000000000,0.00100000000000000            ,0.62660000000000005            ,0.37340000000000001,0.00000000000000000,0.00000000000000000,100000.00000000000000000,0.29999999999999999,0.00000000000000000,0.00000000000000000,0.00000000000000000
    136,                  0,0.00000000000000000,0.00100000000000000            ,0.61988888888888893            ,0.38011111111111112,0.00000000000000000,0.00000000000000000,100000.00000000000000000,0.29999999999999999,0.00000000000000000,0.00000000000000000,0.00000000000000000
    137,                  0,0.00000000000000000,0.00100000000000000            ,0.67494444444444446            ,0.32505555555555554,0.00000000000000000,0.00000000000000000,100000.00000000000000000,0.29999999999999999,0.00000000000000000,0.00000000000000000,0.00000000000000000
    138,                  0,0.00000000000000000,0.00000000000000000            ,0.60980000000000001            ,0.39019999999999999,0.00000000000000000,0.00000000000000000,100000.00000000000000000,0.29999999999999999,0.00000000000000000,0.00000000000000000,0.00000000000000000
    139,                  0,0.00000000000000000,0.00100000000000000            ,0.63660000000000005            ,0.36340000000000000,0.00000000000000000,0.00000000000000000,100000.00000000000000000,0.29999999999999999,0.00000000000000000,0.00000000000000000,0.00000000000000000
    140,                  0,0.00000000000000000,0.00100000000000000            ,0.65143333333333331            ,0.34856666666666669,0.00000000000000000,0.00000000000000000,100000.00000000000000000,0.29999999999999999,0.00000000000000000,0.00000000000000000,0.00000000000000000
    141,                  0,0.00000000000000000,0.00100000000000000            ,0.64282222222222218            ,0.35717777777777776,0.00000000000000000,0.00000000000000000,100000.00000000000000000,0.29999999999999999,0.00000000000000000,0.00000000000000000,0.00000000000000000
    142,                  0,0.00000000000000000,0.00100000000000000            ,0.67031111111111108            ,0.32968888888888886,0.00000000000000000,0.00000000000000000,100000.00000000000000000,0.29999999999999999,0.00000000000000000,0.00000000000000000,0.00000000000000000
    143,                  0,0.00200000000000000,0.00100000000000000            ,0.62627777777777771            ,0.37372222222222223,0.00000000000000000,0.00000000000000000,100000.00000000000000000,0.29999999999999999,0.00000000000000000,0.00000000000000000,0.00000000000000000
    144,                  0,0.00000000000000000,0.00000000000000000            ,0.63594444444444442            ,0.36405555555555558,0.00000000000000000,0.00000000000000000,100000.00000000000000000,0.29999999999999999,0.00000000000000000,0.00000000000000000,0.00000000000000000
    145,                  0,0.00000000000000000,0.00100000000000000            ,0.63364444444444445            ,0.36635555555555555,0.00000000000000000,0.00000000000000000,100000.00000000000000000,0.29999999999999999,0.00000000000000000,0.00000000000000000,0.00000000000000000
    146,                  0,0.00000000000000000,0.00100000000000000            ,0.66281111111111113            ,0.33718888888888887,0.00000000000000000,0.00000000000000000,100000.00000000000000000,0.29999999999999999,0.00000000000000000,0.00000000000000000,0.00000000000000000
    147,                  0,0.00000000000000000,0.00100000000000000            ,0.62182222222222228            ,0.37817777777777778,0.00000000000000000,0.00000000000000000,100000.00000000000000000,0.29999999999999999,0.00000000000000000,0.00000000000000000,0.00000000000000000
    148,                  0,0.00100000000000000,0.00100000000000000            ,0.65827777777777774            ,0.34172222222222221,0.00000000000000000,0.00000000000000000,100000.00000000000000000,0.29999999999999999,0.00000000000000000,0.00000000000000000,0.00000000000000000
    149,                  0,0.00100000000000000,0.00100000000000000            ,0.64629999999999999            ,0.35370000000000001,0.00000000000000000,0.00000000000000000,100000.00000000000000000,0.29999999999999999,0.00000000000000000,0.00000000000000000,0.00000000000000000
    150,                  0,0.00000000000000000,0.00000000000000000            ,0.65010000000000001            ,0.34989999999999999,0.00000000000000000,0.00000000000000000,100000.00000000000000000,0.29999999999999999,0.00000000000000000,0.00000000000000000,0.00000000000000000
    151,                  0,0.00100000000000000,0.00100000000000000            ,0.65024444444444440            ,0.34975555555555554,0.00000000000000000,0.00000000000000000,100000.00000000000000000,0.29999999999999999,0.00000000000000000,0.00000000000000000,0.00000000000000000
    152,                  0,0.00000000000000000,0.00100000000000000            ,0.61632222222222222            ,0.38367777777777778,0.00000000000000000,0.00000000000000000,100000.00000000000000000,0.29999999999999999,0.00000000000000000,0.00000000000000000,0.00000000000000000
    153,                  0,0.00000000000000000,0.00100000000000000            ,0.67389999999999994            ,0.32610000000000000,0.00000000000000000,0.00000000000000000,100000.00000000000000000,0.29999999999999999,0.00000000000000000,0.00000000000000000,0.00000000000000000
    154,                  0,0.00000000000000000,0.00000000000000000            ,0.62225555555555556            ,0.37774444444444444,0.00000000000000000,0.00000000000000000,100000.00000000000000000,0.29999999999999999,0.00000000000000000,0.00000000000000000,0.00000000000000000
    155,                  0,0.00100000000000000,0.00100000000000000            ,0.63629999999999998            ,0.36370000000000002,0.00000000000000000,0.00000000000000000,100000.00000000000000000,0.29999999999999999,0.00000000000000000,0.00000000000000000,0.00000000000000000
    156,                  0,0.00100000000000000,0.00000000000000000            ,0.65285555555555552            ,0.34714444444444442,0.00000000000000000,0.00000000000000000,100000.00000000000000000,0.29999999999999999,0.00000000000000000,0.00000000000000000,0.00000000000000000
    157,                  0,0.00000000000000000,0.00000000000000000            ,0.60492222222222214            ,0.39507777777777781,0.00000000000000000,0.00000000000000000,100000.00000000000000000,0.29999999999999999,0.00000000000000000,0.00000000000000000,0.00000000000000000
    158,                  0,0.00100000000000000,0.00100000000000000            ,0.67184444444444447            ,0.32815555555555553,0.00000000000000000,0.00000000000000000,100000.00000000000000000,0.29999999999999999,0.00000000000000000,0.00000000000000000,0.00000000000000000
    159,                  0,0.00100000000000000,0.00100000000000000            ,0.66263333333333341            ,0.33736666666666665,0.00000000000000000,0.00000000000000000,100000.00000000000000000,0.29999999999999999,0.00000000000000000,0.00000000000000000,0.00000000000000000
    160,                  0,0.00000000000000000,0.00100000000000000            ,0.66614444444444443            ,0.33385555555555557,0.00000000000000000,0.00000000000000000,100000.00000000000000000,0.29999999999999999,0.00000000000000000,0.00000000000000000,0.00000000000000000
    161,                  0,0.00000000000000000,0.00100000000000000            ,0.62845555555555555            ,0.37154444444444445,0.00000000000000000,0.00000000000000000,100000.00000000000000000,0.29999999999999999,0.00000000000000000,0.00000000000000000,0.00000000000000000
    162,                  0,0.00000000000000000,0.00100000000000000            ,0.65250000000000008            ,0.34749999999999998,0.00000000000000000,0.00000000000000000,100000.00000000000000000,0.29999999999999999,0.00000000000000000,0.00000000000000000,0.00000000000000000
    163,                  0,0.00000000000000000,0.00000000000000000            ,0.67726666666666668            ,0.32273333333333332,0.00000000000000000,0.00000000000000000,100000.00000000000000000,0.29999999999999999,0.00000000000000000,0.00000000000000000,0.00000000000000000
    164,                  0,0.00000000000000000,0.00100000000000000            ,0.62371111111111111            ,0.37628888888888889,0.00000000000000000,0.00000000000000000,100000.00000000000000000,0.29999999999999999,0.00000000000000000,0.00000000000000000,0.00000000000000000
    165,                  0,0.00000000000000000,0.00100000000000000            ,0.65375555555555553            ,0.34624444444444447,0.00000000000000000,0.00000000000000000,100000.00000000000000000,0.29999999999999999,0.00000000000000000,0.00000000000000000,0.00000000000000000
    166,                  0,0.00000000000000000,0.00100000000000000            ,0.61447777777777779            ,0.38552222222222221,0.00000000000000000,0.00000000000000000,100000.00000000000000000,0.29999999999999999,0.00000000000000000,0.00000000000000000,0.00000000000000000
    167,                  0,0.00000000000000000,0.00100000000000000            ,0.66952222222222224            ,0.33047777777777776,0.00000000000000000,0.00000000000000000,100000.00000000000000000,0.29999999999999999,0.00000000000000000,0.00000000000000000,0.00000000000000000
    168,                  0,0.00000000000000000,0.00100000000000000            ,0.61873333333333336            ,0.38126666666666664,0.00000000000000000,0.00000000000000000,100000.00000000000000000,0.29999999999999999,0.00000000000000000,0.00000000000000000,0.00000000000000000
    169,                  0,0.00000000000000000,0.00100000000000000            ,0.67265555555555556            ,0.32734444444444444,0.00000000000000000,0.00000000000000000,100000.00000000000000000,0.29999999999999999,0.00000000000000000,0.00000000000000000,0.00000000000000000
    170,                  0,0.00000000000000000,0.00100000000000000            ,0.65973333333333328            ,0.34026666666666666,0.00000000000000000,0.00000000000000000,100000.00000000000000000,0.29999999999999999,0.00000000000000000,0.00000000000000000,0.00000000000000000
    171,                  0,0.00000000000000000,0.00100000000000000            ,0.66358888888888889            ,0.33641111111111111,0.00000000000000000,0.00000000000000000,100000.00000000000000000,0.29999999999999999,0.00000000000000000,0.00000000000000000,0.00000000000000000
    172,                  0,0.00000000000000000,0.00100000000000000            ,0.62412222222222224            ,0.37587777777777776,0.00000000000000000,0.00000000000000000,100000.00000000000000000,0.29999999999999999,0.00000000000000000,0.00000000000000000,0.00000000000000000
    173,                  0,0.00000000000000000,0.00100000000000000            ,0.66932222222222215            ,0.33067777777777779,0.00000000000000000,0.00000000000000000,100000.00000000000000000,0.29999999999999999,0.00000000000000000,0.00000000000000000,0.00000000000000000
    174,                  0,0.00000000000000000,0.00100000000000000            ,0.62434444444444437            ,0.37565555555555558,0.00000000000000000,0.00000000000000000,100000.00000000000000000,0.29999999999999999,0.00000000000000000,0.00000000000000000,0.00000000000000000
    175,                  0,0.00000000000000000,0.00100000000000000            ,0.66748888888888891            ,0.33251111111111109,0.00000000000000000,0.00000000000000000,100000.00000000000000000,0.29999999999999999,0.00000000000000000,0.00000000000000000,0.00000000000000000
    176,                  0,0.00000000000000000,0.00100000000000000            ,0.64282222222222218            ,0.35717777777777776,0.00000000000000000,0.00000000000000000,100000.00000000000000000,0.29999999999999999,0.00000000000000000,0.00000000000000000,0.00000000000000000
    177,                  0,0.00000000000000000,0.00000000000000000            ,0.63372222222222230            ,0.36627777777777776,0.00000000000000000,0.00000000000000000,100000.00000000000000000,0.29999999999999999,0.00000000000000000,0.00000000000000000,0.00000000000000000
    178,                  0,0.00000000000000000,0.00100000000000000            ,0.67764444444444449            ,0.32235555555555556,0.00000000000000000,0.00000000000000000,100000.00000000000000000,0.29999999999999999,0.00000000000000000,0.00000000000000000,0.00000000000000000
    179,                  0,0.00000000000000000,0.00100000000000000            ,0.67038888888888892            ,0.32961111111111113,0.00000000000000000,0.00000000000000000,100000.00000000000000000,0.29999999999999999,0.00000000000000000,0.00000000000000000,0.00000000000000000
    180,                  0,0.00100000000000000,0.00100000000000000            ,0.63671111111111112            ,0.36328888888888888,0.00000000000000000,0.00000000000000000,100000.00000000000000000,0.29999999999999999,0.00000000000000000,0.00000000000000000,0.00000000000000000
    181,                  0,0.00100000000000000,0.00000000000000000            ,0.63343333333333329            ,0.36656666666666665,0.00000000000000000,0.00000000000000000,100000.00000000000000000,0.29999999999999999,0.00000000000000000,0.00000000000000000,0.00000000000000000
    182,                  0,0.00000000000000000,0.00000000000000000            ,0.65034444444444439            ,0.34965555555555555,0.00000000000000000,0.00000000000000000,100000.00000000000000000,0.29999999999999999,0.00000000000000000,0.00000000000000000,0.00000000000000000
    183,                  0,0.00100000000000000,0.00100000000000000            ,0.64346666666666663            ,0.35653333333333331,0.00000000000000000,0.00000000000000000,100000.00000000000000000,0.29999999999999999,0.00000000000000000,0.00000000000000000,0.00000000000000000
    184,                  0,0.00000000000000000,0.00100000000000000            ,0.61574444444444443            ,0.38425555555555557,0.00000000000000000,0.00000000000000000,100000.00000000000000000,0.29999999999999999,0.00000000000000000,0.00000000000000000,0.00000000000000000
    185,                  0,0.00000000000000000,0.00000000000000000            ,0.65157777777777781            ,0.34842222222222224,0.00000000000000000,0.00000000000000000,100000.00000000000000000,0.29999999999999999,0.00000000000000000,0.00000000000000000,0.00000000000000000
    186,                  0,0.00000000000000000,0.00100000000000000            ,0.62214444444444439            ,0.37785555555555556,0.00000000000000000,0.00000000000000000,100000.00000000000000000,0.29999999999999999,0.00000000000000000,0.00000000000000000,0.00000000000000000
    187,                  0,0.00000000000000000,0.00100000000000000            ,0.66169999999999995            ,0.33829999999999999,0.00000000000000000,0.00000000000000000,100000.00000000000000000,0.29999999999999999,0.00000000000000000,0.00000000000000000,0.00000000000000000
    188,                  0,0.00000000000000000,0.00000000000000000            ,0.64375555555555564            ,0.35624444444444442,0.00000000000000000,0.00000000000000000,100000.00000000000000000,0.29999999999999999,0.00000000000000000,0.00000000000000000,0.00000000000000000
    189,                  0,0.00000000000000000,0.00100000000000000            ,0.65038888888888891            ,0.34961111111111109,0.00000000000000000,0.00000000000000000,100000.00000000000000000,0.29999999999999999,0.00000000000000000,0.00000000000000000,0.00000000000000000
    190,                  0,0.00000000000000000,0.00000000000000000            ,0.67815555555555562            ,0.32184444444444443,0.00000000000000000,0.00000000000000000,100000.00000000000000000,0.29999999999999999,0.00000000000000000,0.00000000000000000,0.00000000000000000
    191,                  0,0.00100000000000000,0.00100000000000000            ,0.65629999999999999            ,0.34370000000000001,0.00000000000000000,0.00000000000000000,100000.00000000000000000,0.29999999999999999,0.00000000000000000,0.00000000000000000,0.00000000000000000
    192,                  0,0.00100000000000000,0.00100000000000000            ,0.64854444444444437            ,0.35145555555555558,0.00000000000000000,0.00000000000000000,100000.00000000000000000,0.29999999999999999,0.00000000000000000,0.00000000000000000,0.00000000000000000
    193,                  0,0.00000000000000000,0.00100000000000000            ,0.62306666666666666            ,0.37693333333333334,0.00000000000000000,0.00000000000000000,100000.00000000000000000,0.29999999999999999,0.00000000000000000,0.00000000000000000,0.00000000000000000
    194,                  0,0.00100000000000000,0.00100000000000000            ,0.67764444444444449            ,0.32235555555555556,0.00000000000000000,0.00000000000000000,100000.00000000000000000,0.29999999999999999,0.00000000000000000,0.00000000000000000,0.00000000000000000
    195,                  0,0.00100000000000000,0.00100000000000000            ,0.65197777777777777            ,0.34802222222222223,0.00000000000000000,0.00000000000000000,100000.00000000000000000,0.29999999999999999,0.00000000000000000,0.00000000000000000,0.00000000000000000
    196,                  0,0.00000000000000000,0.00100000000000000            ,0.63761111111111113            ,0.36238888888888887,0.00000000000000000,0.00000000000000000,100000.00000000000000000,0.29999999999999999,0.00000000000000000,0.00000000000000000,0.00000000000000000
    197,                  0,0.00000000000000000,0.00100000000000000            ,0.65643333333333331            ,0.34356666666666669,0.00000000000000000,0.00000000000000000,100000.00000000000000000,0.29999999999999999,0.00000000000000000,0.00000000000000000,0.00000000000000000
    198,                  0,0.00000000000000000,0.00100000000000000            ,0.64036666666666664            ,0.35963333333333336,0.00000000000000000,0.00000000000000000,100000.00000000000000000,0.29999999999999999,0.00000000000000000,0.00000000000000000,0.00000000000000000
    199,                  0,0.00000000000000000,0.00100000000000000            ,0.67626666666666668            ,0.32373333333333332,0.00000000000000000,0.00000000000000000,100000.00000000000000000,0.29999999999999999,0.00000000000000000,0.00000000000000000,0.00000000000000000
    200,                  0,0.00000000000000000,0.00100000000000000            ,0.64337777777777783            ,0.35662222222222223,0.00000000000000000,0.00000000000000000,100000.00000000000000000,0.29999999999999999,0.00000000000000000,0.00000000000000000,0.00000000000000000
    201,                  0,0.00000000000000000,0.00100000000000000            ,0.66940000000000000            ,0.33060000000000000,0.00000000000000000,0.00000000000000000,100000.00000000000000000,0.29999999999999999,0.00000000000000000,0.00000000000000000,0.00000000000000000
    202,                  0,0.00100000000000000,0.00100000000000000            ,0.62758888888888886            ,0.37241111111111114,0.00000000000000000,0.00000000000000000,100000.00000000000000000,0.29999999999999999,0.00000000000000000,0.00000000000000000,0.00000000000000000
    203,                  0,0.00100000000000000,0.00000000000000000            ,0.65067777777777780            ,0.34932222222222220,0.00000000000000000,0.00000000000000000,100000.00000000000000000,0.29999999999999999,0.00000000000000000,0.00000000000000000,0.00000000000000000
    204,                  0,0.00000000000000000,0.00100000000000000            ,0.64413333333333334            ,0.35586666666666666,0.00000000000000000,0.00000000000000000,100000.00000000000000000,0.29999999999999999,0.00000000000000000,0.00000000000000000,0.00000000000000000
    205,                  0,0.00100000000000000,0.00100000000000000            ,0.66123333333333334            ,0.33876666666666666,0.00000000000000000,0.00000000000000000,100000.00000000000000000,0.29999999999999999,0.00000000000000000,0.00000000000000000,0.00000000000000000
    206,                  0,0.00100000000000000,0.00100000000000000            ,0.67310000000000003            ,0.32690000000000002,0.00000000000000000,0.00000000000000000,100000.00000000000000000,0.29999999999999999,0.00000000000000000,0.00000000000000000,0.00000000000000000
    207,                  0,0.00000000000000000,0.00100000000000000            ,0.65341111111111116            ,0.34658888888888889,0.00000000000000000,0.00000000000000000,100000.00000000000000000,0.29999999999999999,0.00000000000000000,0.00000000000000000,0.00000000000000000
    208,                  0,0.00100000000000000,0.00100000000000000            ,0.66149999999999998            ,0.33850000000000002,0.00000000000000000,0.00000000000000000,100000.00000000000000000,0.29999999999999999,0.00000000000000000,0.00000000000000000,0.00000000000000000
    209,                  0,0.00100000000000000,0.00000000000000000            ,0.66586666666666661            ,0.33413333333333334,0.00000000000000000,0.00000000000000000,100000.00000000000000000,0.29999999999999999,0.00000000000000000,0.00000000000000000,0.00000000000000000
    210,                  0,0.00000000000000000,0.00100000000000000            ,0.61153333333333326            ,0.38846666666666668,0.00000000000000000,0.00000000000000000,100000.00000000000000000,0.29999999999999999,0.00000000000000000,0.00000000000000000,0.00000000000000000
    211,                  0,0.00000000000000000,0.00100000000000000            ,0.65925555555555548            ,0.34074444444444446,0.00000000000000000,0.00000000000000000,100000.00000000000000000,0.29999999999999999,0.00000000000000000,0.00000000000000000,0.00000000000000000
    212,                  0,0.00000000000000000,0.00100000000000000            ,0.64816666666666667            ,0.35183333333333333,0.00000000000000000,0.00000000000000000,100000.00000000000000000,0.29999999999999999,0.00000000000000000,0.00000000000000000,0.00000000000000000
    213,                  0,0.00000000000000000,0.00100000000000000            ,0.63610000000000000            ,0.36390000000000000,0.00000000000000000,0.00000000000000000,100000.00000000000000000,0.29999999999999999,0.00000000000000000,0.00000000000000000,0.00000000000000000
    214,                  0,0.00000000000000000,0.00100000000000000            ,0.62458888888888886            ,0.37541111111111108,0.00000000000000000,0.00000000000000000,100000.00000000000000000,0.29999999999999999,0.00000000000000000,0.00000000000000000,0.00000000000000000
    215,                  0,0.00000000000000000,0.00100000000000000            ,0.66928888888888882            ,0.33071111111111112,0.00000000000000000,0.00000000000000000,100000.00000000000000000,0.29999999999999999,0.00000000000000000,0.00000000000000000,0.00000000000000000
    216,                  0,0.00100000000000000,0.00100000000000000            ,0.66186666666666660            ,0.33813333333333334,0.00000000000000000,0.00000000000000000,100000.00000000000000000,0.29999999999999999,0.00000000000000000,0.00000000000000000,0.00000000000000000
    217,                  0,0.00000000000000000,0.00100000000000000            ,0.64686666666666670            ,0.35313333333333335,0.00000000000000000,0.00000000000000000,100000.00000000000000000,0.29999999999999999,0.00000000000000000,0.00000000000000000,0.00000000000000000
    218,                  0,0.00000000000000000,0.00100000000000000            ,0.66288888888888886            ,0.33711111111111108,0.00000000000000000,0.00000000000000000,100000.00000000000000000,0.29999999999999999,0.00000000000000000,0.00000000000000000,0.00000000000000000
    219,                  0,0.00100000000000000,0.00100000000000000            ,0.63366666666666660            ,0.36633333333333334,0.00000000000000000,0.00000000000000000,100000.00000000000000000,0.29999999999999999,0.00000000000000000,0.00000000000000000,0.00000000000000000
    220,                  0,0.00000000000000000,0.00100000000000000            ,0.67006666666666659            ,0.32993333333333336,0.00000000000000000,0.00000000000000000,100000.00000000000000000,0.29999999999999999,0.00000000000000000,0.00000000000000000,0.00000000000000000
    221,                  0,0.00000000000000000,0.00100000000000000            ,0.63253333333333339            ,0.36746666666666666,0.00000000000000000,0.00000000000000000,100000.00000000000000000,0.29999999999999999,0.00000000000000000,0.00000000000000000,0.00000000000000000
    222,                  0,0.00000000000000000,0.00100000000000000            ,0.66572222222222222            ,0.33427777777777778,0.00000000000000000,0.00000000000000000,100000.00000000000000000,0.29999999999999999,0.00000000000000000,0.00000000000000000,0.00000000000000000
    223,                  0,0.00000000000000000,0.00100000000000000            ,0.62954444444444446            ,0.37045555555555554,0.00000000000000000,0.00000000000000000,100000.00000000000000000,0.29999999999999999,0.00000000000000000,0.00000000000000000,0.00000000000000000
    224,                  0,0.00000000000000000,0.00100000000000000            ,0.63619999999999999            ,0.36380000000000001,0.00000000000000000,0.00000000000000000,100000.00000000000000000,0.29999999999999999,0.00000000000000000,0.00000000000000000,0.00000000000000000
    225,                  0,0.00000000000000000,0.00000000000000000            ,0.64653333333333340            ,0.35346666666666665,0.00000000000000000,0.00000000000000000,100000.00000000000000000,0.29999999999999999,0.00000000000000000,0.00000000000000000,0.00000000000000000
    226,                  1,0.00300000000000000,0.00100000000000000            ,0.66761111111111116            ,0.33238888888888890,64.91798503652694308,64.91798503652694308,18613576.92434759065508842,0.30045945151640008,5.00000000000000000,447.39999999999997726,0.00025673419557445
    227,                  0,0.00000000000000000,0.00100000000000000            ,0.65691111111111111            ,0.34308888888888889,0.00000000000000000,0.00000000000000000,100000.00000000000000000,0.29999999999999999,0.00000000000000000,0.00000000000000000,0.00000000000000000
    228,                  0,0.00000000000000000,0.00000000000000000            ,0.60142222222222230            ,0.39857777777777775,0.00000000000000000,0.00000000000000000,100000.00000000000000000,0.29999999999999999,0.00000000000000000,0.00000000000000000,0.00000000000000000
    229,                  0,0.00100000000000000,0.00000000000000000            ,0.60907777777777783            ,0.39092222222222223,0.00000000000000000,0.00000000000000000,100000.00000000000000000,0.29999999999999999,0.00000000000000000,0.00000000000000000,0.00000000000000000
    230,                  0,0.00000000000000000,0.00100000000000000            ,0.66987777777777779            ,0.33012222222222221,0.00000000000000000,0.00000000000000000,100000.00000000000000000,0.29999999999999999,0.00000000000000000,0.00000000000000000,0.00000000000000000
    231,                  0,0.00000000000000000,0.00100000000000000            ,0.63627777777777772            ,0.36372222222222222,0.00000000000000000,0.00000000000000000,100000.00000000000000000,0.29999999999999999,0.00000000000000000,0.00000000000000000,0.00000000000000000
    232,                  0,0.00000000000000000,0.00100000000000000            ,0.66294444444444445            ,0.33705555555555555,0.00000000000000000,0.00000000000000000,100000.00000000000000000,0.29999999999999999,0.00000000000000000,0.00000000000000000,0.00000000000000000
    233,                  0,0.00000000000000000,0.00100000000000000            ,0.63104444444444452            ,0.36895555555555554,0.00000000000000000,0.00000000000000000,100000.00000000000000000,0.29999999999999999,0.00000000000000000,0.00000000000000000,0.00000000000000000
    234,                  0,0.00000000000000000,0.00100000000000000            ,0.67867777777777771            ,0.32132222222222223,0.00000000000000000,0.00000000000000000,100000.00000000000000000,0.29999999999999999,0.00000000000000000,0.00000000000000000,0.00000000000000000
    235,                  0,0.00000000000000000,0.00100000000000000            ,0.65131111111111117            ,0.34868888888888888,0.00000000000000000,0.00000000000000000,100000.00000000000000000,0.29999999999999999,0.00000000000000000,0.00000000000000000,0.00000000000000000
    236,                  0,0.00000000000000000,0.00000000000000000            ,0.62027777777777771            ,0.37972222222222224,0.00000000000000000,0.00000000000000000,100000.00000000000000000,0.29999999999999999,0.00000000000000000,0.00000000000000000,0.00000000000000000
    237,                  0,0.00000000000000000,0.00100000000000000            ,0.64634444444444439            ,0.35365555555555556,0.00000000000000000,0.00000000000000000,100000.00000000000000000,0.29999999999999999,0.00000000000000000,0.00000000000000000,0.00000000000000000
    238,                  0,0.00000000000000000,0.00100000000000000            ,0.67666666666666675            ,0.32333333333333331,0.00000000000000000,0.00000000000000000,100000.00000000000000000,0.29999999999999999,0.00000000000000000,0.00000000000000000,0.00000000000000000
    239,                  0,0.00000000000000000,0.00100000000000000            ,0.63656666666666673            ,0.36343333333333333,0.00000000000000000,0.00000000000000000,100000.00000000000000000,0.29999999999999999,0.00000000000000000,0.00000000000000000,0.00000000000000000
    240,                  0,0.00000000000000000,0.00100000000000000            ,0.65931111111111118            ,0.34068888888888887,0.00000000000000000,0.00000000000000000,100000.00000000000000000,0.29999999999999999,0.00000000000000000,0.00000000000000000,0.00000000000000000
    241,                  0,0.00000000000000000,0.00100000000000000            ,0.63144444444444447            ,0.36855555555555558,0.00000000000000000,0.00000000000000000,100000.00000000000000000,0.29999999999999999,0.00000000000000000,0.00000000000000000,0.00000000000000000
    242,                  0,0.00100000000000000,0.00100000000000000            ,0.61957777777777778            ,0.38042222222222222,0.00000000000000000,0.00000000000000000,100000.00000000000000000,0.29999999999999999,0.00000000000000000,0.00000000000000000,0.00000000000000000
    243,                  0,0.00000000000000000,0.00100000000000000            ,0.66875555555555555            ,0.33124444444444445,0.00000000000000000,0.00000000000000000,100000.00000000000000000,0.29999999999999999,0.00000000000000000,0.00000000000000000,0.00000000000000000
    244,                  0,0.00100000000000000,0.00100000000000000            ,0.65001111111111110            ,0.34998888888888890,0.00000000000000000,0.00000000000000000,100000.00000000000000000,0.29999999999999999,0.00000000000000000,0.00000000000000000,0.00000000000000000
    245,                  0,0.00100000000000000,0.00000000000000000            ,0.67715555555555551            ,0.32284444444444443,0.00000000000000000,0.00000000000000000,100000.00000000000000000,0.29999999999999999,0.00000000000000000,0.00000000000000000,0.00000000000000000
    246,                  0,0.00000000000000000,0.00000000000000000            ,0.67392222222222220            ,0.32607777777777780,0.00000000000000000,0.00000000000000000,100000.00000000000000000,0.29999999999999999,0.00000000000000000,0.00000000000000000,0.00000000000000000
    247,                  0,0.00000000000000000,0.00000000000000000            ,0.61593333333333333            ,0.38406666666666667,0.00000000000000000,0.00000000000000000,100000.00000000000000000,0.29999999999999999,0.00000000000000000,0.00000000000000000,0.00000000000000000
    248,                  0,0.00000000000000000,0.00100000000000000            ,0.63981111111111111            ,0.36018888888888889,0.00000000000000000,0.00000000000000000,100000.00000000000000000,0.29999999999999999,0.00000000000000000,0.00000000000000000,0.00000000000000000
    249,                  0,0.00000000000000000,0.00100000000000000            ,0.66722222222222216            ,0.33277777777777778,0.00000000000000000,0.00000000000000000,100000.00000000000000000,0.29999999999999999,0.00000000000000000,0.00000000000000000,0.00000000000000000
    250,                  0,0.00000000000000000,0.00200000000000000            ,0.62748888888888887            ,0.37251111111111113,0.00000000000000000,0.00000000000000000,100000.00000000000000000,0.29999999999999999,0.00000000000000000,0.00000000000000000,0.00000000000000000
    251,                  0,0.00000000000000000,0.00100000000000000            ,0.61586666666666667            ,0.38413333333333333,0.00000000000000000,0.00000000000000000,100000.00000000000000000,0.29999999999999999,0.00000000000000000,0.00000000000000000,0.00000000000000000
    252,                  0,0.00000000000000000,0.00100000000000000            ,0.65857777777777771            ,0.34142222222222224,0.00000000000000000,0.00000000000000000,100000.00000000000000000,0.29999999999999999,0.00000000000000000,0.00000000000000000,0.00000000000000000
    253,                  0,0.00000000000000000,0.00000000000000000            ,0.64295555555555550            ,0.35704444444444444,0.00000000000000000,0.00000000000000000,100000.00000000000000000,0.29999999999999999,0.00000000000000000,0.00000000000000000,0.00000000000000000
    254,                  0,0.00000000000000000,0.00100000000000000            ,0.64831111111111106            ,0.35168888888888888,0.00000000000000000,0.00000000000000000,100000.00000000000000000,0.29999999999999999,0.00000000000000000,0.00000000000000000,0.00000000000000000
    255,                  0,0.00000000000000000,0.00100000000000000            ,0.65964444444444448            ,0.34035555555555558,0.00000000000000000,0.00000000000000000,100000.00000000000000000,0.29999999999999999,0.00000000000000000,0.00000000000000000,0.00000000000000000
    256,                  0,0.00100000000000000,0.00100000000000000            ,0.64505555555555549            ,0.35494444444444445,0.00000000000000000,0.00000000000000000,100000.00000000000000000,0.29999999999999999,0.00000000000000000,0.00000000000000000,0.00000000000000000
    257,                  0,0.00100000000000000,0.00000000000000000            ,0.65954444444444449            ,0.34045555555555557,0.00000000000000000,0.00000000000000000,100000.00000000000000000,0.29999999999999999,0.00000000000000000,0.00000000000000000,0.00000000000000000
    258,                  0,0.00000000000000000,0.00100000000000000            ,0.64733333333333332            ,0.35266666666666668,0.00000000000000000,0.00000000000000000,100000.00000000000000000,0.29999999999999999,0.00000000000000000,0.00000000000000000,0.00000000000000000
    259,                  0,0.00000000000000000,0.00100000000000000            ,0.67366666666666664            ,0.32633333333333331,0.00000000000000000,0.00000000000000000,100000.00000000000000000,0.29999999999999999,0.00000000000000000,0.00000000000000000,0.00000000000000000
    260,                  0,0.00100000000000000,0.00000000000000000            ,0.65636666666666665            ,0.34363333333333335,0.00000000000000000,0.00000000000000000,100000.00000000000000000,0.29999999999999999,0.00000000000000000,0.00000000000000000,0.00000000000000000
    261,                  0,0.00100000000000000,0.00100000000000000            ,0.61793333333333333            ,0.38206666666666667,0.00000000000000000,0.00000000000000000,100000.00000000000000000,0.29999999999999999,0.00000000000000000,0.00000000000000000,0.00000000000000000
    262,                  0,0.00000000000000000,0.00100000000000000            ,0.66564444444444448            ,0.33435555555555557,0.00000000000000000,0.00000000000000000,100000.00000000000000000,0.29999999999999999,0.00000000000000000,0.00000000000000000,0.00000000000000000
    263,                  0,0.00000000000000000,0.00100000000000000            ,0.67607777777777778            ,0.32392222222222222,0.00000000000000000,0.00000000000000000,100000.00000000000000000,0.29999999999999999,0.00000000000000000,0.00000000000000000,0.00000000000000000
    264,                  0,0.00100000000000000,0.00100000000000000            ,0.63773333333333326            ,0.36226666666666668,0.00000000000000000,0.00000000000000000,100000.00000000000000000,0.29999999999999999,0.00000000000000000,0.00000000000000000,0.00000000000000000
    265,                  0,0.00100000000000000,0.00100000000000000            ,0.67468888888888889            ,0.32531111111111111,0.00000000000000000,0.00000000000000000,100000.00000000000000000,0.29999999999999999,0.00000000000000000,0.00000000000000000,0.00000000000000000
    266,                  0,0.00100000000000000,0.00000000000000000            ,0.65893333333333337            ,0.34106666666666668,0.00000000000000000,0.00000000000000000,100000.00000000000000000,0.29999999999999999,0.00000000000000000,0.00000000000000000,0.00000000000000000
    267,                  0,0.00000000000000000,0.00000000000000000            ,0.63973333333333327            ,0.36026666666666668,0.00000000000000000,0.00000000000000000,100000.00000000000000000,0.29999999999999999,0.00000000000000000,0.00000000000000000,0.00000000000000000
    268,                  0,0.00000000000000000,0.00100000000000000            ,0.65618888888888893            ,0.34381111111111112,0.00000000000000000,0.00000000000000000,100000.00000000000000000,0.29999999999999999,0.00000000000000000,0.00000000000000000,0.00000000000000000
    269,                  0,0.00000000000000000,0.00100000000000000            ,0.65641111111111106            ,0.34358888888888889,0.00000000000000000,0.00000000000000000,100000.00000000000000000,0.29999999999999999,0.00000000000000000,0.00000000000000000,0.00000000000000000
    270,                  0,0.00000000000000000,0.00100000000000000            ,0.64359999999999995            ,0.35639999999999999,0.00000000000000000,0.00000000000000000,100000.00000000000000000,0.29999999999999999,0.00000000000000000,0.00000000000000000,0.00000000000000000
    271,                  0,0.00100000000000000,0.00100000000000000            ,0.65027777777777773            ,0.34972222222222221,0.00000000000000000,0.00000000000000000,100000.00000000000000000,0.29999999999999999,0.00000000000000000,0.00000000000000000,0.00000000000000000
    272,                  0,0.00100000000000000,0.00000000000000000            ,0.66906666666666670            ,0.33093333333333336,0.00000000000000000,0.00000000000000000,100000.00000000000000000,0.29999999999999999,0.00000000000000000,0.00000000000000000,0.00000000000000000
    273,                  0,0.00000000000000000,0.00100000000000000            ,0.66577777777777780            ,0.33422222222222220,0.00000000000000000,0.00000000000000000,100000.00000000000000000,0.29999999999999999,0.00000000000000000,0.00000000000000000,0.00000000000000000
    274,                  0,0.00100000000000000,0.00100000000000000            ,0.64161111111111113            ,0.35838888888888887,0.00000000000000000,0.00000000000000000,100000.00000000000000000,0.29999999999999999,0.00000000000000000,0.00000000000000000,0.00000000000000000
    275,                  0,0.00100000000000000,0.00000000000000000            ,0.64907777777777775            ,0.35092222222222225,0.00000000000000000,0.00000000000000000,100000.00000000000000000,0.29999999999999999,0.00000000000000000,0.00000000000000000,0.00000000000000000
    276,                  0,0.00000000000000000,0.00100000000000000            ,0.67064444444444438            ,0.32935555555555557,0.00000000000000000,0.00000000000000000,100000.00000000000000000,0.29999999999999999,0.00000000000000000,0.00000000000000000,0.00000000000000000
    277,                  0,0.00100000000000000,0.00100000000000000            ,0.61695555555555548            ,0.38304444444444447,0.00000000000000000,0.00000000000000000,100000.00000000000000000,0.29999999999999999,0.00000000000000000,0.00000000000000000,0.00000000000000000
    278,                  0,0.00000000000000000,0.00000000000000000            ,0.63828888888888891            ,0.36171111111111109,0.00000000000000000,0.00000000000000000,100000.00000000000000000,0.29999999999999999,0.00000000000000000,0.00000000000000000,0.00000000000000000
    279,                  0,0.00000000000000000,0.00100000000000000            ,0.62178888888888895            ,0.37821111111111111,0.00000000000000000,0.00000000000000000,100000.00000000000000000,0.29999999999999999,0.00000000000000000,0.00000000000000000,0.00000000000000000
    280,                  0,0.00000000000000000,0.00100000000000000            ,0.61575555555555561            ,0.38424444444444444,0.00000000000000000,0.00000000000000000,100000.00000000000000000,0.29999999999999999,0.00000000000000000,0.00000000000000000,0.00000000000000000
    281,                  0,0.00000000000000000,0.00000000000000000            ,0.60573333333333335            ,0.39426666666666665,0.00000000000000000,0.00000000000000000,100000.00000000000000000,0.29999999999999999,0.00000000000000000,0.00000000000000000,0.00000000000000000
    282,                  0,0.00000000000000000,0.00100000000000000            ,0.62453333333333338            ,0.37546666666666667,0.00000000000000000,0.00000000000000000,100000.00000000000000000,0.29999999999999999,0.00000000000000000,0.00000000000000000,0.00000000000000000
    283,                  0,0.00000000000000000,0.00100000000000000            ,0.61116666666666664            ,0.38883333333333331,0.00000000000000000,0.00000000000000000,100000.00000000000000000,0.29999999999999999,0.00000000000000000,0.00000000000000000,0.00000000000000000
    284,                  0,0.00000000000000000,0.00100000000000000            ,0.60474444444444442            ,0.39525555555555558,0.00000000000000000,0.00000000000000000,100000.00000000000000000,0.29999999999999999,0.00000000000000000,0.00000000000000000,0.00000000000000000
    285,                  0,0.00000000000000000,0.00100000000000000            ,0.65871111111111114            ,0.34128888888888886,0.00000000000000000,0.00000000000000000,100000.00000000000000000,0.29999999999999999,0.00000000000000000,0.00000000000000000,0.00000000000000000
    286,                  0,0.00000000000000000,0.00100000000000000            ,0.64923333333333333            ,0.35076666666666667,0.00000000000000000,0.00000000000000000,100000.00000000000000000,0.29999999999999999,0.00000000000000000,0.00000000000000000,0.00000000000000000
    287,                  0,0.00100000000000000,0.00100000000000000            ,0.64892222222222218            ,0.35107777777777777,0.00000000000000000,0.00000000000000000,100000.00000000000000000,0.29999999999999999,0.00000000000000000,0.00000000000000000,0.00000000000000000
    288,                  0,0.00000000000000000,0.00100000000000000            ,0.62783333333333335            ,0.37216666666666665,0.00000000000000000,0.00000000000000000,100000.00000000000000000,0.29999999999999999,0.00000000000000000,0.00000000000000000,0.00000000000000000
    289,                  0,0.00100000000000000,0.00100000000000000            ,0.65622222222222226            ,0.34377777777777779,0.00000000000000000,0.00000000000000000,100000.00000000000000000,0.29999999999999999,0.00000000000000000,0.00000000000000000,0.00000000000000000
    290,                  0,0.00000000000000000,0.00100000000000000            ,0.66905555555555551            ,0.33094444444444443,0.00000000000000000,0.00000000000000000,100000.00000000000000000,0.29999999999999999,0.00000000000000000,0.00000000000000000,0.00000000000000000
    291,                  0,0.00000000000000000,0.00100000000000000            ,0.67085555555555554            ,0.32914444444444446,0.00000000000000000,0.00000000000000000,100000.00000000000000000,0.29999999999999999,0.00000000000000000,0.00000000000000000,0.00000000000000000
    292,                  0,0.00000000000000000,0.00100000000000000            ,0.67861111111111105            ,0.32138888888888889,0.00000000000000000,0.00000000000000000,100000.00000000000000000,0.29999999999999999,0.00000000000000000,0.00000000000000000,0.00000000000000000
    293,                  0,0.00000000000000000,0.00000000000000000            ,0.67955555555555558            ,0.32044444444444442,0.00000000000000000,0.00000000000000000,100000.00000000000000000,0.29999999999999999,0.00000000000000000,0.00000000000000000,0.00000000000000000
    294,                  0,0.00000000000000000,0.00100000000000000            ,0.66711111111111110            ,0.33288888888888890,0.00000000000000000,0.00000000000000000,100000.00000000000000000,0.29999999999999999,0.00000000000000000,0.00000000000000000,0.00000000000000000
    295,                  0,0.00000000000000000,0.00100000000000000            ,0.66785555555555554            ,0.33214444444444446,0.00000000000000000,0.00000000000000000,100000.00000000000000000,0.29999999999999999,0.00000000000000000,0.00000000000000000,0.00000000000000000
    296,                  0,0.00100000000000000,0.00000000000000000            ,0.67420000000000002            ,0.32579999999999998,0.00000000000000000,0.00000000000000000,100000.00000000000000000,0.29999999999999999,0.00000000000000000,0.00000000000000000,0.00000000000000000
    297,                  0,0.00000000000000000,0.00100000000000000            ,0.64884444444444445            ,0.35115555555555555,0.00000000000000000,0.00000000000000000,100000.00000000000000000,0.29999999999999999,0.00000000000000000,0.00000000000000000,0.00000000000000000
    298,                  0,0.00100000000000000,0.00100000000000000            ,0.63055555555555554            ,0.36944444444444446,0.00000000000000000,0.00000000000000000,100000.00000000000000000,0.29999999999999999,0.00000000000000000,0.00000000000000000,0.00000000000000000
    299,                  0,0.00000000000000000,0.00000000000000000            ,0.62980000000000003            ,0.37019999999999997,0.00000000000000000,0.00000000000000000,100000.00000000000000000,0.29999999999999999,0.00000000000000000,0.00000000000000000,0.00000000000000000
    300,                  0,0.00000000000000000,0.00100000000000000            ,0.62636666666666674            ,0.37363333333333332,0.00000000000000000,0.00000000000000000,100000.00000000000000000,0.29999999999999999,0.00000000000000000,0.00000000000000000,0.00000000000000000
---------------------------------------------------------------------------------------------------
Mean Percolation=,0.01000000000000000
Mean Processing Time=,0.00039000000000000
Mean set up time=,0.00198333333333333
Mean Area of component[0]=,0.64763981481481436
Mean Area of component[1]=,0.35236018518518514
